node_id,uptime,build_version,total_stake,ip_address,delegates,unique_delegations,average_delegation,declared_role
5,0.99,1.12.0,1058658825746,185.229.90.217,1026946404273.9253,80,12836830053.424067,mixnode
8,0.99,1.12.0,1098726184894,216.238.77.232,1090913513623.2727,23,47431022331.44664,mixnode
9,0.99,1.12.0,1026680157461,51.195.255.51,1026486215552.2709,25,41059448622.090836,mixnode
14,0.99,1.12.0,1014238245139,83.212.80.96,1011339769804.546,10,101133976980.4546,mixnode
21,0.99,1.12.0,975518893079,5.223.49.131,973470729177.7103,27,36054471451.026306,mixnode
23,0.99,1.13.0,1025749094753,195.3.220.86,1010651652964.152,34,29725048616.592705,mixnode
26,0.99,1.12.0,981760333861,135.181.139.72,975571010373.0354,217,4495718941.811223,mixnode
29,0.99,1.12.0,649910672272,45.15.162.112,649591419560.2211,65,9993714147.080324,mixnode
30,0.99,1.12.0,1016751289163,65.108.52.71,1015787627159.9087,75,13543835028.798782,mixnode
32,0.0,1.1.12,108457985509,193.34.213.223,108265239503.26805,64,1691644367.2385633,mixnode
33,0.98,1.12.0,1025461238990,82.216.163.131,1024924275645.3159,28,36604438415.90414,mixnode
37,0.99,1.12.0,891932224283,152.53.106.179,878678398772.5613,28,31381371384.734333,mixnode
38,0.99,1.12.0,634732031643,45.15.162.84,633388535911.688,97,6529778720.739052,mixnode
39,0.99,1.12.0,804722546037,162.55.174.117,800517389374.2914,88,9096788515.616947,mixnode
40,0.78,1.11.0,469144562145,77.91.100.187,430565109761.0031,8,53820638720.12539,mixnode
42,0.99,1.12.0,939401636693,152.53.135.191,926361873329.0568,46,20138301594.10993,mixnode
47,0.77,1.13.0,38945878560,88.201.196.152,36274305575.300995,11,3297664143.2091813,mixnode
64,0.99,1.12.0,1055100721106,45.15.162.145,1054645562614.4435,49,21523378828.86619,mixnode
69,0.0,1.4.0,422862935838,5.161.114.34,418470273381.0824,12,34872522781.75687,mixnode
75,0.98,1.12.0,971135281626,173.249.36.4,967479772509.095,37,26148101959.70527,mixnode
82,0.99,1.12.0,1011675381310,65.109.23.55,1004431641770.1332,34,29542107110.88627,mixnode
87,0.98,1.12.0,1017339581280,172.98.12.128,1006270162181.3696,30,33542338739.378986,mixnode
97,0.96,1.12.0,123410525109,172.232.209.25,123299360838.03513,22,5604516401.728869,mixnode
99,0.87,1.13.0,48628627893,38.54.4.21,45622550269.38644,5,9124510053.877287,mixnode
100,0.95,1.12.0,379352834622,45.11.27.209,373476725614.5265,29,12878507779.811258,mixnode
106,0.99,1.12.0,970657641382,185.229.90.228,963249186320.7986,29,33215489183.475815,mixnode
111,0.99,1.12.0,822693913797,102.130.124.166,819149551530.6232,14,58510682252.18737,mixnode
117,0.99,1.12.0,1042752691222,89.58.16.140,1015507340275.3162,17,59735725898.54801,mixnode
131,0.99,1.12.0,784858121083,88.208.121.78,718763596302.0474,7,102680513757.43533,mixnode
139,0.99,1.12.0,963792376452,138.68.180.39,962476910414.994,46,20923411095.97813,entry exit_ipr exit_nr mixnode
145,0.99,1.12.0,507329450776,45.15.162.110,506290489806.39087,41,12348548531.863192,mixnode
147,0.49,1.10.0,60370416514,5.78.80.112,58223869759.20989,25,2328954790.368396,mixnode
153,0.93,1.13.0,77578285160,51.68.47.21,76260546539.64697,33,2310925652.716575,mixnode
164,0.99,1.12.0,951529965531,45.15.162.72,951205909079.8611,51,18651096256.467865,mixnode
167,0.99,1.12.0,775555414097,143.202.162.168,774796846182.8541,8,96849605772.85677,mixnode
169,0.99,1.12.0,1034645261019,167.99.44.47,1022690682946.6328,9,113632298105.18143,mixnode
170,0.79,1.11.0,334408159011,194.156.99.56,331978789681.86127,37,8972399721.131386,mixnode
180,0.98,1.12.0,17730524241,152.53.52.157,7724611270.757405,10,772461127.0757406,entry
184,0.99,1.12.0,115055884219,139.162.139.172,114155884209.28955,17,6715052012.31115,mixnode
193,0.99,1.12.0,1082851052337,142.132.184.207,1076538566216.5984,243,4430199860.973656,mixnode
195,0.99,1.12.0,634939064111,45.15.162.144,634651310275.7571,63,10073830321.837414,mixnode
207,0.99,1.12.0,758902183994,45.15.162.111,758415925023.4635,42,18057522024.36818,mixnode
215,0.99,1.12.0,298330084995,103.214.22.126,296232609626.2894,15,19748840641.75263,mixnode
217,0.99,1.12.0,1045363307697,154.53.38.43,1023735490514.3856,15,68249032700.95904,mixnode
223,0.99,1.12.0,1009553786497,161.97.168.29,1008878075167.3304,8,126109759395.9163,mixnode
231,0.97,1.12.0,895389158958,102.130.124.167,892415225453.9316,26,34323662517.458908,mixnode
234,0.99,1.12.0,1031651856398,45.15.162.113,1031201691958.6794,74,13935157999.441614,mixnode
240,1.0,1.12.0,834019128507,45.83.21.163,833641452334.2604,33,25261862191.947285,entry exit_ipr exit_nr
241,0.99,1.12.0,1036115010443,207.148.68.94,1028798657783.9309,157,6552857692.891279,mixnode
242,0.0,1.11.0,185321055693,95.67.53.214,181678966019.12787,104,1746913134.7993064,mixnode
246,0.99,1.12.0,479351229163,207.244.240.251,473290459496.5481,28,16903230696.305288,mixnode
247,0.99,1.12.0,256499776253,103.150.93.141,253347166101.13773,3,84449055367.04591,mixnode
254,0.99,1.12.0,1025904329463,65.108.55.8,1024973071198.2056,65,15768816479.972393,mixnode
255,0.99,1.12.0,298556273970,178.79.166.216,298442462524.7884,25,11937698500.991535,mixnode
258,0.0,1.1.12,69862301968,193.34.213.222,64762882312.38894,29,2233202838.358239,mixnode
259,0.0,1.1.11,668938927756,65.109.8.26,666301850066.7676,14,47592989290.4834,mixnode
264,0.0,1.2.1,83717354783,185.180.222.190,82156535434.35017,43,1910617103.1244226,mixnode
265,0.99,1.12.0,1021376540556,45.15.162.108,1020299256241.7705,63,16195226289.551912,mixnode
267,0.99,1.12.0,717096901665,45.83.21.123,716754157296.0992,42,17065575173.716648,entry exit_ipr exit_nr
275,0.99,1.12.0,930686649271,185.229.90.231,926298036780.2948,25,37051921471.21179,mixnode
291,0.99,1.12.0,528852412779,148.113.6.115,526307668327.12646,20,26315383416.356323,mixnode
292,0.99,1.12.0,1046059599436,5.161.43.60,1032839198594.0885,10,103283919859.40884,mixnode
300,0.79,1.11.0,431875756818,5.9.94.237,400971198929.8577,49,8183085692.446076,mixnode
301,0.99,1.12.0,1004388607007,139.84.142.23,999298860109.64,21,47585660005.220955,mixnode
303,0.99,1.12.0,257207868415,82.180.144.231,255369052740.4304,2,127684526370.2152,mixnode
313,0.99,1.12.0,977109797584,51.38.69.108,976933071429.7925,13,75148697802.29173,mixnode
323,0.99,1.12.0,974147602954,91.107.195.194,973214387598.2489,57,17073936624.530682,mixnode
327,0.99,1.12.0,80535028555,94.130.109.73,72766521188.46008,85,856076719.8642362,mixnode
335,0.99,1.12.0,210004243,51.68.220.113,110004243.33120583,2,55002121.665602915,mixnode
336,0.79,1.11.0,997351566635,85.208.68.13,995275674586.555,9,110586186065.17279,mixnode
351,0.0,1.11.0,136940896728,149.50.110.12,134832079808.0457,77,1751065971.533061,mixnode
352,0.98,1.12.0,926054689029,116.203.134.56,925178231193.8353,62,14922229535.384441,mixnode
354,0.99,1.12.0,1045802003234,45.15.162.109,1044686786005.7164,58,18011841138.029594,mixnode
404,0.0,1.6.2,504642277,162.19.245.75,403642279.9190636,1,403642279.9190636,mixnode
406,0.99,1.12.0,262938541999,89.250.66.213,262330187615.7126,8,32791273451.964073,mixnode
416,0.99,1.12.0,849320134457,188.34.158.98,848474449853.4705,90,9427493887.260782,mixnode
439,0.99,1.12.0,1026642899759,51.195.117.60,949070332369.5854,50,18981406647.39171,mixnode
441,0.0,1.3.1,1231664692,176.9.5.66,230000000.0,1,230000000.0,mixnode
446,0.99,1.12.0,1008958959930,213.165.74.229,1008214071516.3386,89,11328247994.565603,entry mixnode
450,0.99,1.12.0,1042990461767,162.55.174.113,1037086917338.3666,207,5010081726.272303,mixnode
464,0.04,1.7.0,9184446920,116.202.230.90,1584039049.6321976,3,528013016.5440659,mixnode
469,0.99,1.12.0,280490473298,37.27.25.255,277997422881.3571,4,69499355720.33928,mixnode
483,0.03,1.7.0,577758925343,139.162.105.39,567688173647.3142,18,31538231869.295235,mixnode
486,0.99,1.12.0,67374692779,89.187.28.45,67052038931.86202,7,9578862704.551718,mixnode
488,0.99,1.12.0,100004284,5.9.65.180,0.0,0,0,mixnode
491,0.99,1.12.0,959138483227,167.235.248.151,954764868818.6953,99,9644089584.027225,mixnode
498,0.99,1.12.0,275991479977,15.235.208.197,270078189901.48355,6,45013031650.24726,mixnode
501,0.99,1.12.0,981675848421,149.28.214.45,974004254469.5891,206,4728175992.570821,mixnode
504,0.99,1.12.0,1036541174031,135.181.30.1,1033643956367.0383,17,60802585668.649315,mixnode
513,0.99,1.12.0,1005152440291,148.113.1.150,987982708037.9451,26,37999334924.53635,mixnode
534,0.99,1.12.0,1051122859699,23.132.28.99,1050662675588.7273,36,29185074321.909092,mixnode
547,0.99,1.12.0,1067289367219,51.77.244.35,1066684054347.1733,11,96971277667.92485,mixnode
557,0.25,1.12.0,300752512191,194.9.6.98,293717509125.29584,7,41959644160.756546,mixnode
568,0.48,1.10.0,16531292907,5.78.73.119,10895411731.28225,5,2179082346.2564497,mixnode
582,0.01,1.6.0,370376138142,51.210.106.209,293219866524.56714,19,15432624553.924585,mixnode
586,0.0,1.8.0,12855748894,195.201.130.142,9678576304.085075,1,9678576304.085075,mixnode
587,0.0,1.8.0,105333790741,167.235.228.104,93957286098.86423,12,7829773841.572019,mixnode
588,0.0,1.8.0,29234724607,5.75.246.211,18116732096.70297,11,1646975645.1548154,mixnode
589,0.0,1.8.0,5904567633,78.47.205.26,2713218399.3524184,2,1356609199.6762092,mixnode
590,0.0,1.8.0,6980796722,5.75.254.46,3782389811.393957,2,1891194905.6969786,mixnode
591,0.0,1.8.0,3139902226,159.69.242.70,0.0,0,0,mixnode
592,0.0,1.8.0,5225407646,49.12.38.177,2062609151.855299,1,2062609151.855299,mixnode
593,0.0,1.8.0,3099219169,37.123.198.4,0.0,0,0,mixnode
617,0.99,1.12.0,284686737650,167.86.88.31,280680820177.90027,10,28068082017.790028,mixnode
639,0.97,1.12.0,3809441649,102.130.124.154,3708658049.9905143,5,741731609.9981029,mixnode
640,0.99,1.12.0,4214385273,85.237.211.183,4113229803.633306,5,822645960.7266612,mixnode
641,0.97,1.12.0,20602130429,102.130.124.165,20496712975.762592,6,3416118829.2937655,mixnode
642,0.1,1.8.0,100000000,65.108.95.83,0.0,0,0,mixnode
655,0.1,1.8.0,100000000,5.78.40.252,0.0,0,0,mixnode
656,0.1,1.8.0,233748660,5.161.133.48,133739274.9742564,2,66869637.4871282,mixnode
657,0.1,1.8.0,6933284423,5.75.151.219,3787635598.6777887,4,946908899.6694472,mixnode
658,0.1,1.8.0,17235133561,157.90.154.27,12899216926.487196,4,3224804231.621799,mixnode
674,0.01,1.6.2,1464721106,89.252.153.249,1354674046.3056157,1,1354674046.3056157,mixnode
685,0.99,1.12.0,178602129918,149.102.131.156,173160630038.02808,37,4680017028.054812,mixnode
686,0.1,1.8.0,9968050192,5.75.188.17,9859390193.05991,7,1408484313.294273,mixnode
687,0.1,1.8.0,362907735,49.12.105.40,262896035.45803294,1,262896035.45803294,mixnode
688,0.1,1.8.0,7274179388,5.78.56.98,7162044999.863233,5,1432408999.9726465,mixnode
689,0.1,1.8.0,62217740835,5.161.121.216,55825140029.16263,8,6978142503.6453285,mixnode
690,0.1,1.8.0,51389554252,135.181.102.137,44385984604.2884,4,11096496151.0721,mixnode
703,0.99,1.12.0,996529298032,185.229.90.237,991334218807.9949,21,47206391371.80928,mixnode
704,0.99,1.12.0,1102394905253,213.167.226.213,1097409563938.7963,8,137176195492.34953,mixnode
705,0.99,1.12.0,997480629540,185.178.194.107,992387496222.5182,12,82698958018.54318,mixnode
706,0.99,1.12.0,1248352689819,185.229.90.230,1246010854759.4917,21,59333850226.64246,mixnode
707,0.99,1.12.0,1097717155451,185.178.194.112,1092332156718.0472,11,99302923338.00429,mixnode
708,0.99,1.12.0,816201520036,185.178.194.91,812441963892.705,4,203110490973.17624,mixnode
727,0.1,1.8.0,220368469019,149.102.144.55,219591279572.48822,4,54897819893.122055,mixnode
730,0.1,1.8.0,110873748884,154.26.155.72,104826256158.38235,6,17471042693.063725,mixnode
755,0.98,1.12.0,565588638614,161.97.156.228,561708271010.7134,11,51064388273.70122,mixnode
757,0.49,1.10.0,91925672831,5.78.93.91,26663540256.35494,13,2051041558.181149,mixnode
763,0.99,1.12.0,810555660798,213.165.69.154,809797249824.3477,69,11736192026.439821,entry exit_ipr exit_nr mixnode
766,0.99,1.12.0,974640139562,132.145.204.167,967039340444.8522,7,138148477206.40744,mixnode
774,0.99,1.12.0,91531050797,80.83.52.107,91419169254.0664,14,6529940661.004744,mixnode
775,0.1,1.8.0,73569317704,65.108.48.66,68506102840.10014,6,11417683806.683357,mixnode
776,0.1,1.8.0,3174231906,5.78.76.163,3073361819.8479147,2,1536680909.9239573,mixnode
777,0.1,1.8.0,4214346794,5.78.67.207,4113677184.71482,1,4113677184.71482,mixnode
785,0.97,1.12.0,1041393738888,172.105.181.212,1041246899861.6953,9,115694099984.63281,mixnode
786,0.99,1.12.0,1055384275383,172.105.97.249,1055233531276.8378,17,62072560663.3434,mixnode
787,0.99,1.12.0,1033156723022,176.58.113.240,1033006062577.9844,20,51650303128.899216,mixnode
788,0.99,1.12.0,1036324162894,172.232.53.116,1036176824274.7365,15,69078454951.6491,mixnode
797,0.1,1.8.0,252206441367,194.233.72.48,245402405164.66745,5,49080481032.93349,mixnode
834,0.77,1.11.0,5632159263,50.118.225.192,4410628977.551287,2,2205314488.7756433,mixnode
862,0.8,1.13.0,100248690,194.182.184.55,0.0,0,0,mixnode
867,0.98,1.12.0,12530251074,51.161.11.126,12071605072.540743,3,4023868357.513581,mixnode
869,0.99,1.12.0,988602278852,94.131.3.116,983450401992.8687,17,57850023646.639336,mixnode
875,0.0,1.1.6,11101245791,217.76.59.196,10982886026.380547,36,305080167.3994596,mixnode
888,0.99,1.12.0,252337038142,95.164.4.250,251148444313.16388,2,125574222156.58194,mixnode
895,0.99,1.12.0,254894773888,38.180.107.189,253447023441.3546,3,84482341147.11821,entry exit_ipr exit_nr
896,0.99,1.12.0,272051968778,139.84.131.152,266488717406.7756,3,88829572468.9252,mixnode
904,0.01,1.6.2,365944040672,152.53.15.191,340200237339.78217,8,42525029667.47277,mixnode
905,0.98,1.12.0,77742680278,172.232.82.74,74246972747.052,9,8249663638.561334,mixnode
914,0.97,1.12.0,921109163603,185.126.114.118,911172918953.4526,8,113896614869.18158,mixnode
915,0.99,1.12.0,314153302486,216.230.233.126,313872664302.1487,3,104624221434.04956,mixnode
927,0.99,1.12.0,1009356631772,5.180.24.144,988527939629.7123,16,61782996226.85702,entry exit_ipr exit_nr
931,0.1,1.8.0,50900321137,154.53.42.11,45919407620.43784,7,6559915374.348264,mixnode
932,0.98,1.12.0,561653550568,31.40.212.9,508683516048.8513,15,33912234403.256756,mixnode
933,0.99,1.12.0,935717137154,69.48.203.36,934987034230.6504,79,11835278914.31203,entry exit_ipr exit_nr mixnode
934,0.97,1.12.0,321404279947,216.238.81.160,286099631388.27704,5,57219926277.65541,mixnode
935,0.97,1.12.0,342434302278,188.190.246.251,342068507010.99884,8,42758563376.374855,mixnode
936,0.99,1.12.0,293722321339,148.113.5.13,287242765094.2773,4,71810691273.56932,mixnode
961,0.99,1.12.0,512672760067,185.47.254.205,510751292430.5095,9,56750143603.389946,mixnode
973,0.99,1.12.0,655150304962,89.116.27.9,649334364048.0269,6,108222394008.00447,mixnode
981,0.99,1.12.0,254183198094,149.50.102.40,253933912050.188,3,84644637350.06267,mixnode
990,0.99,1.12.0,1100852468763,195.15.254.68,1100698362880.0356,4,275174590720.0089,mixnode
991,0.99,1.12.0,1084442536449,195.15.253.22,1084295059813.7401,8,135536882476.71751,mixnode
1010,0.99,1.12.0,742742489316,164.68.114.96,732762841148.4661,21,34893468626.11743,mixnode
1028,0.98,1.12.0,1054785507341,161.97.129.124,1050989324153.4686,10,105098932415.34686,mixnode
1032,0.1,1.8.0,10385468854,66.94.125.129,4087780048.241974,6,681296674.7069956,mixnode
1033,0.1,1.8.0,4002194893,89.117.75.9,3900711342.059482,5,780142268.4118965,mixnode
1034,0.99,1.12.0,1084165664536,139.144.116.147,1084021619183.6753,4,271005404795.91882,mixnode
1035,0.99,1.12.0,1154239744111,139.162.123.4,1154085566554.6323,10,115408556655.46323,mixnode
1036,0.97,1.12.0,1159605874752,172.232.56.112,1159458984003.8362,13,89189152615.6797,mixnode
1041,0.99,1.12.0,507726041321,147.93.29.127,503007801954.0592,3,167669267318.01974,mixnode
1045,0.99,1.12.0,232011975970,138.197.140.228,230950740086.21814,24,9622947503.592422,entry exit_ipr exit_nr mixnode
1047,0.99,1.12.0,5006433316,37.60.246.209,4902353325.731425,5,980470665.146285,mixnode
1048,0.97,1.12.0,631547813805,46.254.107.151,529529245461.54645,10,52952924546.15465,mixnode
1094,0.99,1.12.0,278595560741,77.73.131.81,272682020294.09253,10,27268202029.409252,mixnode
1101,0.96,1.12.0,255791799040,85.208.208.65,252178498405.051,6,42029749734.17516,mixnode
1121,0.99,1.12.0,356724372362,208.68.39.51,356514238256.23285,15,23767615883.748856,entry exit_ipr exit_nr mixnode
1122,0.01,1.6.2,8143475636,152.53.0.231,159411699.6066852,1,159411699.6066852,mixnode
1156,0.99,1.12.0,1122936390745,64.176.8.94,1122799931528.644,4,280699982882.161,mixnode
1177,0.47,1.12.0,4857301753,104.248.136.140,4757301753.129237,6,792883625.5215396,entry exit_ipr exit_nr mixnode
1209,0.97,1.12.0,19061803282,192.46.209.112,8563504129.957549,10,856350412.995755,mixnode
1227,0.99,1.12.0,334379594282,38.180.149.248,332543219544.6202,4,83135804886.15504,entry exit_ipr exit_nr
1238,0.99,1.12.0,264563787343,103.106.230.83,264163858400.67758,7,37737694057.239655,mixnode
1258,0.99,1.12.0,1128476042594,67.219.99.131,1128342983950.1812,7,161191854850.02588,mixnode
1259,0.99,1.12.0,1145340673721,95.179.158.166,1145204256843.569,4,286301064210.8923,mixnode
1269,0.99,1.12.0,258572400079,45.231.132.206,258266616594.03125,2,129133308297.01562,mixnode
1275,0.79,1.11.0,260804992197,157.66.46.9,259516039939.19446,4,64879009984.798615,mixnode
1325,0.98,1.12.0,266110403698,95.141.37.15,257646807059.27698,3,85882269019.75899,mixnode
1331,0.98,1.12.0,667856485191,172.232.103.199,657980911589.8488,3,219326970529.9496,entry exit_ipr exit_nr
1338,0.49,1.10.0,352164524490,213.210.37.138,351243571071.1257,6,58540595178.52094,mixnode
1342,0.98,1.12.0,709207408349,190.123.44.241,701432081364.7374,2,350716040682.3687,mixnode
1356,0.99,1.12.0,605966156243,38.180.16.64,605203081492.1669,4,151300770373.04172,mixnode
1358,0.99,1.12.0,251754721076,15.235.211.132,251358732465.34924,1,251358732465.34924,mixnode
1360,0.99,1.12.0,254110326992,38.54.87.6,252928528915.2449,4,63232132228.811226,mixnode
1362,0.99,1.12.0,251342811601,148.113.3.30,251091101679.99057,1,251091101679.99057,mixnode
1363,0.99,1.12.0,260940792293,94.136.185.216,260732127358.94955,2,130366063679.47478,mixnode
1364,0.99,1.12.0,997923446841,38.54.59.128,992756543717.4502,4,248189135929.36255,mixnode
1365,0.99,1.12.0,293200362673,38.7.199.194,286677936912.3897,4,71669484228.09743,mixnode
1371,0.97,1.12.0,311626858760,95.164.4.10,308358241620.8982,4,77089560405.22455,mixnode
1377,0.96,1.12.0,268391629486,148.113.3.146,261903745569.52472,5,52380749113.904945,mixnode
1378,0.99,1.12.0,255202978262,45.231.132.204,255041694459.67618,4,63760423614.919044,mixnode
1390,0.99,1.12.0,251519098694,148.113.204.170,251178257327.29596,1,251178257327.29596,mixnode
1391,0.99,1.12.0,287048410624,92.112.178.129,282312778872.1277,7,40330396981.73253,mixnode
1396,0.99,1.12.0,777462867564,95.164.4.235,776037962237.7095,4,194009490559.42737,mixnode
1398,0.99,1.12.0,251308433358,148.113.3.129,251026327657.5733,2,125513163828.78665,mixnode
1407,0.98,1.12.0,279631826378,102.68.86.101,277640167902.17523,30,9254672263.405842,mixnode
1415,0.99,1.12.0,258483386185,165.22.213.248,255359002639.64346,2,127679501319.82173,mixnode
1423,0.99,1.12.0,253454253517,194.156.99.158,253079730599.39047,2,126539865299.69524,mixnode
1426,0.98,1.12.0,278070706841,194.156.99.161,277627432551.3796,4,69406858137.8449,mixnode
1455,0.99,1.12.0,252543439099,139.59.26.134,251209652784.59018,1,251209652784.59018,mixnode
1456,1.0,1.12.0,267105346483,5.253.41.179,266949135763.7649,3,88983045254.5883,entry exit_ipr exit_nr
1459,0.99,1.12.0,252649332606,5.253.41.196,252190495519.97348,1,252190495519.97348,entry exit_ipr exit_nr
1462,0.99,1.12.0,755427017249,148.113.3.188,735974446346.8757,4,183993611586.71893,mixnode
1481,0.99,1.12.0,503714638241,57.128.228.168,502997229844.7025,2,251498614922.35126,mixnode
1490,0.49,1.10.0,2879906994,37.27.190.143,159019051.74244148,1,159019051.74244148,mixnode
1497,0.97,1.12.0,623372919643,149.50.110.131,618622964354.5463,3,206207654784.84875,mixnode
1500,0.98,1.12.0,252609099456,89.221.225.64,252177354951.49893,1,252177354951.49893,entry exit_ipr exit_nr
1503,0.99,1.12.0,251664154899,148.113.204.174,251308866195.04086,1,251308866195.04086,mixnode
1506,0.99,1.12.0,257665083607,148.113.42.218,257296964574.03046,3,85765654858.01015,mixnode
1510,0.99,1.12.0,251216032253,148.113.16.39,251048876557.85324,1,251048876557.85324,mixnode
1512,0.99,1.12.0,251600061227,148.113.43.167,251282009805.80072,1,251282009805.80072,mixnode
1513,0.99,1.12.0,293406691408,170.64.168.59,291841171653.5951,2,145920585826.79755,mixnode
1514,0.79,1.11.0,251655388616,45.12.134.131,251262336349.19812,2,125631168174.59906,mixnode
1527,0.0,1.10.0,2749760454,45.133.118.116,1770021776.9263556,2,885010888.4631778,mixnode
1528,0.99,1.12.0,641009961379,148.113.5.50,640337354406.1519,6,106722892401.02531,mixnode
1530,0.97,1.12.0,257012209159,45.83.20.2,256871389103.74146,3,85623796367.91382,entry exit_ipr exit_nr
1532,0.99,1.12.0,650699661,185.197.250.115,0.0,0,0,mixnode
1540,0.99,1.12.0,762545057721,23.132.28.205,762227677963.8131,14,54444834140.27236,mixnode
1573,0.99,1.12.0,697973814870,15.235.210.203,696368672624.2985,3,232122890874.76614,mixnode
1613,0.99,1.12.0,257636401899,83.212.98.145,255979350882.9685,3,85326450294.32283,mixnode
1636,0.1,1.8.0,120816394019,109.205.180.51,114683405215.79369,9,12742600579.53263,mixnode
1637,0.1,1.8.0,100000000,109.205.183.50,0.0,0,0,mixnode
1638,0.1,1.8.0,49068326782,185.217.127.56,45018600160.17758,5,9003720032.035517,mixnode
1639,0.1,1.8.0,241873879,95.216.203.84,141873879.76205727,1,141873879.76205727,mixnode
1640,0.1,1.8.0,46937397961,159.69.85.177,41775691859.177155,2,20887845929.588577,mixnode
1641,0.1,1.8.0,74285034600,128.140.89.182,69051814978.34726,7,9864544996.906752,mixnode
1642,0.1,1.8.0,49769087316,5.78.112.218,42797901989.894684,3,14265967329.964895,mixnode
1643,0.1,1.8.0,8625652756,5.161.101.52,8523225080.133088,1,8523225080.133088,mixnode
1644,0.98,1.12.0,73518453675,37.46.209.197,2552688722.4336257,2,1276344361.2168128,mixnode
1649,0.99,1.12.0,1005182371302,27.89.54.123,1003951496206.9694,4,250987874051.74234,mixnode
1664,0.99,1.12.0,288090806501,188.172.228.15,287051081887.8101,7,41007297412.544304,mixnode
1674,0.98,1.12.0,514197349626,46.250.244.35,509681670464.04315,3,169893890154.68106,mixnode
1676,0.98,1.12.0,254218227174,154.26.132.145,253065253214.55142,2,126532626607.27571,mixnode
1682,0.99,1.12.0,103010281,103.59.110.159,0.0,0,0,mixnode
1691,0.99,1.12.0,992622516730,161.97.93.32,991617792266.6428,20,49580889613.33214,entry exit_ipr exit_nr mixnode
1698,0.99,1.12.0,259185664948,95.164.4.95,253638833554.93124,2,126819416777.46562,mixnode
1706,0.99,1.12.0,542756580213,45.140.146.11,541533319989.8998,2,270766659994.9499,mixnode
1707,1.0,1.12.0,252219955278,94.131.117.119,252010433763.72775,1,252010433763.72775,entry exit_ipr exit_nr
1708,0.99,1.12.0,252577914072,201.23.1.161,251516919190.84622,1,251516919190.84622,mixnode
1711,0.99,1.12.0,251940938750,94.131.117.70,251263627712.2379,1,251263627712.2379,mixnode
1712,0.0,1.2.1,600106451,158.220.121.245,500000000.0,1,500000000.0,mixnode
1714,0.1,1.8.0,221400206,195.26.240.173,121396765.82870975,1,121396765.82870975,mixnode
1716,0.1,1.8.0,7330908347,45.76.14.92,5608895794.472735,3,1869631931.4909117,mixnode
1717,0.99,1.12.0,251556621924,194.246.114.148,251384588535.4256,3,83794862845.14186,mixnode
1719,0.99,1.12.0,707579334131,185.99.133.167,706186234733.5122,3,235395411577.8374,mixnode
1722,0.99,1.12.0,254087041674,206.206.76.242,252393829960.1792,2,126196914980.0896,mixnode
1727,0.99,1.12.0,250643011764,95.164.5.55,250200030495.84903,1,250200030495.84903,mixnode
1728,0.85,1.12.0,252567933658,200.14.81.187,251697910816.91736,1,251697910816.91736,mixnode
1729,0.99,1.12.0,258110454636,194.242.33.40,257134830167.35333,3,85711610055.78444,mixnode
1731,0.99,1.12.0,255517220183,45.82.245.238,254000282581.08755,2,127000141290.54378,mixnode
1732,0.0,1.10.0,3592073174,212.132.113.238,3100000000.0,2,1550000000.0,mixnode
1737,0.49,1.10.0,77343046223,119.59.102.117,0.0,0,0,mixnode
1738,0.49,1.10.0,84750142426,119.59.102.153,165276274.3232371,1,165276274.3232371,mixnode
1739,0.49,1.10.0,70932124141,119.59.102.25,0.0,0,0,mixnode
1740,0.49,1.10.0,56536672126,5.78.42.67,0.0,0,0,mixnode
1741,0.49,1.10.0,72848175572,5.78.86.183,0.0,0,0,mixnode
1742,0.49,1.10.0,15507303445,5.78.123.161,0.0,0,0,mixnode
1750,0.98,1.12.0,1194037379598,172.233.91.82,1193900667835.449,6,198983444639.2415,mixnode
1751,0.99,1.12.0,1051694688577,139.162.158.237,1051564487156.7043,2,525782243578.3522,mixnode
1752,0.99,1.12.0,1080396680687,170.187.249.186,1080253122025.4,3,360084374008.4667,mixnode
1755,0.99,1.12.0,1075328734011,185.178.194.74,1069920726279.4623,3,356640242093.1541,mixnode
1756,0.99,1.12.0,1080180344078,185.178.194.79,1075033894309.9591,3,358344631436.653,mixnode
1764,0.99,1.12.0,251499911889,15.235.167.232,251225304500.98108,1,251225304500.98108,mixnode
1766,0.98,1.12.0,256670749154,89.150.57.215,251375286593.55933,1,251375286593.55933,mixnode
1768,0.99,1.12.0,263404930492,140.99.164.179,256050056752.72165,2,128025028376.36082,mixnode
1770,0.99,1.12.0,1031439346087,89.150.57.67,1024228593391.4929,5,204845718678.29858,mixnode
1772,0.99,1.12.0,260739876351,89.150.57.190,255256153054.2919,2,127628076527.14595,mixnode
1773,0.99,1.12.0,252078493493,95.164.4.237,251809737694.5827,2,125904868847.29135,mixnode
1780,0.99,1.12.0,257537199478,98.142.254.181,251321107178.92816,1,251321107178.92816,mixnode
1785,0.99,1.12.0,252264518443,193.239.232.231,252116862221.68893,1,252116862221.68893,entry exit_ipr exit_nr
1790,0.99,1.12.0,251548605283,194.156.98.252,251443535295.3143,2,125721767647.65715,mixnode
1791,0.99,1.12.0,252359190382,185.234.67.130,252207501593.30652,2,126103750796.65326,entry exit_ipr exit_nr
1793,0.99,1.12.0,257392941368,2.56.172.42,255946748042.17783,2,127973374021.08891,mixnode
1796,0.99,1.12.0,1087227857805,89.221.224.79,1086146709875.3868,3,362048903291.7956,mixnode
1797,0.99,1.12.0,252961698527,5.180.45.125,252313054493.8089,4,63078263623.452225,mixnode
1801,0.99,1.12.0,253484954755,149.50.129.224,252106789234.97073,2,126053394617.48537,mixnode
1803,0.99,1.12.0,298047459106,92.242.187.167,293957090149.0545,2,146978545074.52725,mixnode
1807,0.99,1.12.0,951623378430,5.78.94.236,935765417519.6903,2,467882708759.84515,mixnode
1812,0.99,1.12.0,254038569384,142.44.138.190,251330902827.20786,2,125665451413.60393,mixnode
1813,0.99,1.12.0,252187334133,91.132.133.40,251437964732.9563,1,251437964732.9563,mixnode
1814,0.99,1.12.0,713840678779,66.70.177.181,702555533206.2698,2,351277766603.1349,mixnode
1815,0.99,1.12.0,252156889353,5.182.39.234,251398197044.16943,2,125699098522.08472,mixnode
1817,0.99,1.12.0,251594567178,37.27.33.138,251320834981.95465,1,251320834981.95465,mixnode
1819,0.99,1.12.0,290498342873,5.180.151.218,286971339913.3969,2,143485669956.69846,mixnode
1821,0.99,1.12.0,251311402028,176.9.120.85,251164187219.3457,1,251164187219.3457,mixnode
1822,0.99,1.12.0,251542344195,159.69.205.247,251216294502.82956,1,251216294502.82956,mixnode
1823,0.99,1.12.0,253648302514,185.174.135.46,251571672560.40927,2,125785836280.20464,mixnode
1824,0.68,1.11.0,256672646509,185.25.117.18,256050727325.53088,3,85350242441.84363,mixnode
1825,0.99,1.12.0,251413639298,178.156.128.82,251141538844.50546,1,251141538844.50546,mixnode
1826,0.99,1.12.0,251488201082,5.78.122.127,251185157613.43304,1,251185157613.43304,mixnode
1828,0.74,1.11.0,251685547660,14.224.255.162,251487039298.72772,2,125743519649.36386,mixnode
1835,0.99,1.12.0,251635987771,194.156.99.157,251328916415.82358,2,125664458207.91179,mixnode
1841,0.99,1.12.0,761624166498,148.113.3.166,743724744145.3816,3,247908248048.46054,mixnode
1842,0.98,1.12.0,287935423960,154.26.158.249,284606570752.17236,4,71151642688.04309,mixnode
1857,0.99,1.12.0,251352562172,167.114.97.130,251208807534.90927,1,251208807534.90927,mixnode
1863,0.99,1.12.0,273388920040,45.89.53.163,270010692542.4434,2,135005346271.2217,mixnode
1864,0.98,1.12.0,253450932101,45.83.141.42,252203561078.95105,2,126101780539.47552,mixnode
1865,0.99,1.12.0,252133755051,95.164.4.50,251976296089.86752,1,251976296089.86752,entry exit_ipr exit_nr
1867,0.98,1.12.0,252022599370,172.232.252.83,251886700233.6424,1,251886700233.6424,entry exit_ipr exit_nr
1868,0.99,1.12.0,252560698486,94.131.117.65,252115462940.19128,1,252115462940.19128,entry exit_ipr exit_nr
1869,0.99,1.12.0,255890049108,95.164.5.7,251078925598.03833,1,251078925598.03833,mixnode
1870,0.87,1.12.0,251992419547,160.30.5.27,251274087718.80493,1,251274087718.80493,mixnode
1871,0.98,1.12.0,594909659606,37.221.125.184,594005900657.8737,2,297002950328.9368,entry exit_ipr exit_nr
1873,0.97,1.12.0,255129140782,45.159.250.83,253469869529.28745,3,84489956509.76248,mixnode
1876,0.99,1.12.0,869821805375,152.53.236.228,859725008401.133,2,429862504200.5665,mixnode
1877,0.98,1.12.0,252566364065,62.3.12.112,252116030967.22626,1,252116030967.22626,entry exit_ipr exit_nr
1883,0.99,1.12.0,250701964097,128.140.6.132,250415362957.63104,1,250415362957.63104,mixnode
1884,0.99,1.12.0,251517866705,49.12.65.9,251221302280.9849,1,251221302280.9849,mixnode
1886,0.98,1.12.0,318983141486,2.56.127.216,316326642920.81525,4,79081660730.20381,entry exit_ipr exit_nr
1889,0.99,1.12.0,308757414863,37.221.125.99,303077725780.2016,2,151538862890.1008,entry exit_ipr exit_nr
1892,0.98,1.12.0,101138006,194.182.191.207,0.0,0,0,entry exit_ipr exit_nr
1893,0.98,1.12.0,303966131107,185.117.89.70,303842843977.8107,1,303842843977.8107,entry exit_ipr exit_nr
1896,0.89,1.13.0,101475107,157.175.45.205,0.0,0,0,entry exit_ipr exit_nr
1898,0.98,1.12.0,602366412292,216.230.233.60,602080037289.4882,1,602080037289.4882,entry exit_ipr exit_nr
1899,0.99,1.12.0,100754626,172.232.238.161,0.0,0,0,entry exit_ipr exit_nr
1900,0.88,1.13.0,101277566,194.182.172.173,0.0,0,0,entry exit_ipr exit_nr
1901,0.99,1.12.0,307003491119,77.91.102.33,304576888404.8986,3,101525629468.29955,entry exit_ipr exit_nr
1902,0.99,1.12.0,550492239954,128.199.242.71,524440265679.0989,9,58271140631.01099,entry exit_ipr exit_nr
1909,0.99,1.12.0,1237387284068,217.15.175.223,1230591188305.2341,3,410197062768.4114,entry exit_ipr exit_nr
1910,0.98,1.12.0,303396672597,195.16.73.32,303227885320.57947,1,303227885320.57947,entry exit_ipr exit_nr
1912,1.0,1.12.0,308293596273,213.210.21.112,304392588842.38513,2,152196294421.19257,entry exit_ipr exit_nr
1919,0.99,1.12.0,509537964174,45.58.125.18,508663903523.6571,3,169554634507.8857,entry exit_ipr exit_nr
1920,0.98,1.12.0,587079306577,95.164.89.24,571919582950.0096,3,190639860983.33655,entry exit_ipr exit_nr
1922,0.99,1.12.0,304331771496,85.209.194.3,303113028344.1931,1,303113028344.1931,entry exit_ipr exit_nr
1925,0.99,1.12.0,303250046651,203.96.177.10,302804998364.3535,1,302804998364.3535,entry exit_ipr exit_nr
1926,0.99,1.12.0,308692072409,217.15.175.225,304684210130.05273,2,152342105065.02637,entry exit_ipr exit_nr
1927,0.99,1.12.0,305744672613,195.238.126.19,303149330812.9853,1,303149330812.9853,entry exit_ipr exit_nr
1930,0.99,1.12.0,307240630273,91.108.249.102,302434943315.8831,1,302434943315.8831,entry exit_ipr exit_nr
1934,0.98,1.12.0,625517397048,80.92.205.202,623956938410.4292,2,311978469205.2146,entry exit_ipr exit_nr
1937,0.9,1.12.0,302452195230,65.109.201.199,302230172850.72815,2,151115086425.36407,entry exit_ipr exit_nr
1939,0.98,1.12.0,303013647775,95.164.62.139,302855023430.4035,1,302855023430.4035,entry exit_ipr exit_nr
1945,1.0,1.12.0,307036197651,213.210.21.114,303200340809.2439,1,303200340809.2439,entry exit_ipr exit_nr
1946,0.97,1.12.0,316180126633,92.255.105.196,311933911549.3679,4,77983477887.34198,entry exit_ipr exit_nr
1947,0.0,1.1.0,100000000,172.234.99.218,0.0,0,0,entry exit_ipr exit_nr
1950,0.98,1.12.0,306515452419,209.200.246.218,302457843966.87665,1,302457843966.87665,entry exit_ipr exit_nr
1953,0.96,1.12.0,307916699549,201.23.17.148,303078146003.0196,1,303078146003.0196,entry exit_ipr exit_nr
1955,0.99,1.12.0,319531788484,38.75.137.7,317405750048.49316,3,105801916682.83105,entry exit_ipr exit_nr
1956,0.99,1.12.0,315928905629,92.112.192.97,311818662341.80493,2,155909331170.90247,entry exit_ipr exit_nr
1957,0.97,1.12.0,253269167581,5.180.30.128,252226058636.40823,1,252226058636.40823,entry exit_ipr exit_nr
1960,0.99,1.12.0,345928788056,45.142.213.112,343311409496.4658,2,171655704748.2329,entry exit_ipr exit_nr
1962,0.99,1.12.0,308380084162,213.210.21.110,304435033190.5984,2,152217516595.2992,entry exit_ipr exit_nr
1965,0.99,1.12.0,333120921451,185.93.223.234,321511321689.1678,8,40188915211.14597,entry exit_ipr exit_nr
1970,0.49,1.10.0,1101299314,134.209.26.254,1000000000.0,1,1000000000.0,entry exit_ipr exit_nr
1971,0.99,1.12.0,309023121216,152.53.92.255,308157501031.31366,2,154078750515.65683,mixnode
1972,0.99,1.12.0,303825835047,86.104.72.138,303101464195.96356,1,303101464195.96356,entry exit_ipr exit_nr
1973,0.99,1.12.0,304295186440,5.253.29.16,303070194097.90454,1,303070194097.90454,entry exit_ipr exit_nr
1976,0.99,1.12.0,356583802477,149.50.102.53,350702523298.149,2,175351261649.0745,entry exit_ipr exit_nr
1979,0.98,1.12.0,303489997981,74.48.196.56,302971941857.3975,1,302971941857.3975,entry exit_ipr exit_nr
1981,0.98,1.12.0,303208667378,203.96.177.107,302781991960.9754,1,302781991960.9754,entry exit_ipr exit_nr
1985,0.99,1.12.0,303284981565,5.253.41.113,303133036837.9633,2,151566518418.98166,entry exit_ipr exit_nr
1986,0.98,1.12.0,303852428475,185.205.187.165,303729154460.56616,2,151864577230.28308,entry exit_ipr exit_nr
1990,0.79,1.11.0,309337329,49.12.42.50,0.0,0,0,entry exit_ipr exit_nr
1992,0.96,1.12.0,304612005482,45.140.167.83,304307334767.76605,2,152153667383.88303,entry exit_ipr exit_nr
1995,0.99,1.12.0,258151216990,103.75.117.191,257589312372.46283,2,128794656186.23141,entry exit_ipr exit_nr
1997,0.97,1.12.0,404938953714,45.67.230.168,404707311862.279,2,202353655931.1395,entry exit_ipr exit_nr
1999,0.99,1.12.0,200077597,109.207.171.114,0.0,0,0,entry exit_ipr exit_nr
2001,0.99,1.12.0,304007098088,62.210.91.229,302915559335.911,1,302915559335.911,entry exit_ipr exit_nr
2002,0.99,1.12.0,308482979527,194.246.114.53,302902982968.8866,1,302902982968.8866,entry exit_ipr exit_nr
2003,0.99,1.12.0,303791533602,94.131.101.20,303086290232.1552,1,303086290232.1552,entry exit_ipr exit_nr
2005,0.98,1.12.0,255372731387,83.212.79.67,254569331004.22314,2,127284665502.11157,entry exit_ipr exit_nr
2006,0.89,1.13.0,101215766,13.245.9.123,0.0,0,0,entry exit_ipr exit_nr
2010,1.0,1.12.0,310165337567,62.84.177.17,305909656727.8468,3,101969885575.94893,entry exit_ipr exit_nr
2012,0.94,1.12.0,305352463116,65.109.198.170,301487517813.14,1,301487517813.14,entry exit_ipr exit_nr
2013,1.0,1.12.0,310828785860,195.35.9.142,306712542405.1341,2,153356271202.56705,entry exit_ipr exit_nr
2014,0.99,1.12.0,302925950611,139.99.195.169,302437769017.91736,1,302437769017.91736,entry exit_ipr exit_nr
2015,0.99,1.12.0,310190667947,213.210.21.111,306312328342.58673,2,153156164171.29337,entry exit_ipr exit_nr
2019,0.98,1.12.0,303792814802,86.104.72.139,303077315743.51184,1,303077315743.51184,entry exit_ipr exit_nr
2021,0.99,1.12.0,308076973722,195.35.9.122,303864142861.182,1,303864142861.182,entry exit_ipr exit_nr
2022,0.99,1.12.0,616423608598,194.238.24.35,612445145891.4058,1,612445145891.4058,entry exit_ipr exit_nr
2023,0.99,1.12.0,282408805913,45.82.246.200,281741766338.9248,2,140870883169.4624,entry exit_ipr exit_nr
2024,0.99,1.12.0,303543447182,194.32.107.233,303162997006.4016,1,303162997006.4016,entry exit_ipr exit_nr
2026,1.0,1.12.0,303488711481,103.35.189.160,302944673865.15656,1,302944673865.15656,entry exit_ipr exit_nr
2031,0.99,1.12.0,306710946310,172.105.14.241,304460937893.5538,2,152230468946.7769,entry exit_ipr exit_nr
2033,0.99,1.12.0,263335644028,85.239.55.77,262962789368.7296,2,131481394684.3648,entry exit_ipr exit_nr
2036,0.98,1.12.0,308412830357,45.89.111.196,302989957593.7712,1,302989957593.7712,entry exit_ipr exit_nr
2038,0.99,1.12.0,305088968202,45.12.134.29,304922257372.8297,2,152461128686.41486,entry exit_ipr exit_nr
2040,0.35,1.11.0,101166713,160.25.74.51,0.0,0,0,entry exit_ipr exit_nr
2041,0.98,1.12.0,791500137274,77.37.124.168,784921598410.149,3,261640532803.38303,entry exit_ipr exit_nr
2042,0.98,1.12.0,305181863523,95.164.85.17,302712435869.3197,1,302712435869.3197,entry exit_ipr exit_nr
2043,0.0,1.12.0,310828992703,38.180.176.165,307233176571.6709,2,153616588285.83545,entry exit_ipr exit_nr
2045,0.99,1.12.0,252900292852,37.120.162.20,252636778110.78683,2,126318389055.39342,entry exit_ipr exit_nr
2046,0.97,1.12.0,308700218523,45.140.167.146,303002116113.6664,1,303002116113.6664,entry exit_ipr exit_nr
2047,0.99,1.12.0,306684083350,95.164.32.228,306409003673.5754,2,153204501836.7877,entry exit_ipr exit_nr
2052,0.98,1.12.0,312963832848,77.37.54.162,308724356694.97516,2,154362178347.48758,entry exit_ipr exit_nr
2056,0.99,1.12.0,308362609948,171.22.120.206,302850332894.325,1,302850332894.325,entry exit_ipr exit_nr
2057,0.95,1.12.0,302284199965,91.107.156.221,302059176783.151,2,151029588391.5755,entry exit_ipr exit_nr
2059,0.91,1.13.0,101075668,89.145.161.207,0.0,0,0,entry exit_ipr exit_nr
2060,0.99,1.12.0,367368371246,95.164.5.213,367211467909.52014,4,91802866977.38004,entry exit_ipr exit_nr
2062,0.99,1.12.0,307607893265,146.19.143.235,307324882403.92126,4,76831220600.98032,entry exit_ipr exit_nr
2065,0.99,1.12.0,313137234330,93.127.214.16,308912252425.57294,2,154456126212.78647,entry exit_ipr exit_nr
2068,0.99,1.12.0,303593893008,94.131.117.242,303201698281.96405,2,151600849140.98203,entry exit_ipr exit_nr
2070,0.99,1.12.0,305532166999,213.183.53.85,303242600211.29895,1,303242600211.29895,entry exit_ipr exit_nr
2071,0.98,1.12.0,303969342540,86.104.72.141,303176516490.3652,1,303176516490.3652,entry exit_ipr exit_nr
2072,0.98,1.12.0,304157877258,185.235.138.75,304038655240.4869,1,304038655240.4869,entry exit_ipr exit_nr
2074,0.99,1.12.0,307149087903,213.210.21.107,303265620453.6521,1,303265620453.6521,entry exit_ipr exit_nr
2077,0.98,1.12.0,307529029663,103.111.114.86,302598757508.8821,1,302598757508.8821,entry exit_ipr exit_nr
2078,0.99,1.12.0,603574857013,95.164.44.101,602875054164.4824,2,301437527082.2412,entry exit_ipr exit_nr
2083,0.98,1.12.0,308000526600,104.36.231.170,303124912403.58997,1,303124912403.58997,entry exit_ipr exit_nr
2102,0.78,1.11.0,100777186,185.254.198.165,0.0,0,0,entry exit_ipr exit_nr
2104,0.99,1.12.0,251001179487,80.65.208.9,250511445425.4266,1,250511445425.4266,mixnode
2114,0.98,1.12.0,323934660347,5.253.41.195,323766595142.17786,2,161883297571.08893,entry exit_ipr exit_nr
2120,0.99,1.12.0,310094669626,195.35.2.60,303001332247.98676,1,303001332247.98676,entry exit_ipr exit_nr
2123,0.99,1.12.0,310259544654,195.35.2.96,302938931687.80835,1,302938931687.80835,entry exit_ipr exit_nr
2124,0.98,1.12.0,12370838598,45.92.1.89,12247424038.135338,3,4082474679.378446,entry exit_ipr exit_nr
2125,0.0,1.9.0,100000000,45.144.28.251,0.0,0,0,entry exit_ipr exit_nr
2126,0.25,1.9.0,100000000,45.12.114.147,0.0,0,0,entry exit_ipr exit_nr
2129,0.99,1.12.0,6262332073,103.199.17.8,6119736123.131149,1,6119736123.131149,entry exit_ipr exit_nr
2144,0.99,1.12.0,250605326996,147.93.135.245,250406906498.93787,1,250406906498.93787,mixnode
2148,0.0,1.1.12,100000000,157.173.98.11,0.0,0,0,mixnode
2149,0.99,1.12.0,1042762559153,57.128.195.121,1005588920255.2195,4,251397230063.80487,mixnode
2153,0.99,1.12.0,253802362023,176.97.78.52,251989794127.00723,1,251989794127.00723,entry exit_ipr exit_nr
2154,0.99,1.12.0,253826629418,38.180.189.128,251978662919.98563,1,251978662919.98563,entry exit_ipr exit_nr
2155,0.99,1.12.0,268185860976,38.180.190.240,266728683912.21198,2,133364341956.10599,entry exit_ipr exit_nr
2162,0.79,1.11.0,100449977,15.235.184.65,0.0,0,0,entry exit_ipr exit_nr
2163,0.04,1.7.0,211000000,69.30.225.138,100000000.0,1,100000000.0,mixnode
2165,0.0,1.2.1,100557415,172.232.211.187,0.0,0,0,entry exit_ipr exit_nr
2167,0.79,1.11.0,200101375,139.162.101.54,100000000.0,1,100000000.0,mixnode
2168,0.99,1.12.0,254726510936,54.38.215.107,254616220873.5202,3,84872073624.50673,entry exit_ipr exit_nr
2169,0.04,1.7.0,211003459,63.141.227.34,100000000.0,1,100000000.0,entry exit_ipr exit_nr
2171,0.98,1.12.0,305113586640,2.56.178.219,304617596331.4758,2,152308798165.7379,entry exit_ipr exit_nr
2172,0.99,1.12.0,303684812444,5.181.20.99,303430519529.58905,1,303430519529.58905,entry exit_ipr exit_nr
2176,0.0,1.2.1,161000000,170.205.29.11,50000000.0,1,50000000.0,mixnode
2177,0.0,1.2.1,161000000,170.205.29.10,50000000.0,1,50000000.0,entry
2178,0.99,1.12.0,39201505535,65.109.109.39,34170011587.29421,1,34170011587.29421,mixnode
2184,0.79,1.11.0,16000630104,95.209.160.46,13000183978.336885,2,6500091989.168443,mixnode
2192,0.98,1.12.0,252648881844,89.221.224.197,252320180008.57462,2,126160090004.28731,entry exit_ipr exit_nr
2193,0.99,1.12.0,252354354972,45.89.109.214,252194954704.78476,1,252194954704.78476,entry exit_ipr exit_nr
2194,0.98,1.12.0,252376775393,5.253.43.76,252034775821.19107,1,252034775821.19107,entry exit_ipr exit_nr
2196,0.99,1.12.0,18565306605,94.143.231.195,3500646681.1848636,1,3500646681.1848636,mixnode
2199,0.99,1.12.0,252184189763,95.164.46.148,251823110947.18073,1,251823110947.18073,entry exit_ipr exit_nr
2200,0.0,1.12.0,252255117891,94.131.117.105,251969518199.20114,1,251969518199.20114,entry exit_ipr exit_nr
2202,0.99,1.12.0,323275891150,2.59.22.186,322478189353.9812,2,161239094676.9906,entry exit_ipr exit_nr
2204,0.99,1.12.0,252223047276,95.164.5.238,252082700043.40192,1,252082700043.40192,entry exit_ipr exit_nr
2205,0.99,1.12.0,252124173712,213.159.66.33,251978224282.4279,1,251978224282.4279,entry exit_ipr exit_nr
2206,0.99,1.12.0,252234415585,45.89.109.222,252096138040.70404,1,252096138040.70404,entry exit_ipr exit_nr
2207,0.99,1.12.0,253379971135,54.38.214.245,253262829519.74084,2,126631414759.87042,entry exit_ipr exit_nr
2212,0.47,1.10.0,100000000,185.25.119.18,0.0,0,0,entry
2214,0.97,1.12.0,251924699305,185.65.244.4,251757917747.1735,3,83919305915.7245,mixnode
2215,0.95,1.12.0,250222956488,38.252.8.102,250121332209.0367,1,250121332209.0367,mixnode
2222,0.98,1.12.0,1026974049299,145.223.96.55,922222936460.072,12,76851911371.67267,mixnode
2224,0.0,1.3.1,1200015484,139.180.136.33,200000000.0,1,200000000.0,mixnode
2226,0.99,1.12.0,608020151,202.61.199.112,0.0,0,0,entry
2229,0.99,1.12.0,255528645242,217.178.53.49,255371039029.72165,3,85123679676.57388,entry exit_ipr exit_nr
2233,0.99,1.12.0,303101411567,202.61.201.53,301650366826.705,1,301650366826.705,entry
2234,0.1,1.8.0,100000000,152.53.87.202,0.0,0,0,entry exit_ipr exit_nr
2235,0.99,1.12.0,810052581,152.53.0.11,200000000.0,1,200000000.0,entry
2237,0.99,1.12.0,255880795458,91.148.134.232,254668885943.95142,2,127334442971.97571,entry exit_ipr exit_nr
2238,0.98,1.12.0,250175343,185.236.232.114,0.0,0,0,entry exit_ipr exit_nr
2239,0.98,1.12.0,250134272,185.236.232.112,0.0,0,0,entry exit_ipr exit_nr
2240,1.0,1.12.0,250138304,185.236.232.113,0.0,0,0,entry exit_ipr exit_nr
2241,0.99,1.12.0,250163786,185.236.232.14,0.0,0,0,entry exit_ipr exit_nr
2245,0.99,1.12.0,303094386962,185.186.78.251,302526745248.8881,3,100842248416.29604,entry exit_ipr exit_nr
2248,0.99,1.12.0,252814010645,95.164.4.201,252156191079.7507,1,252156191079.7507,entry exit_ipr exit_nr
2249,0.99,1.12.0,276256312259,51.159.103.135,259681798595.45007,3,86560599531.8167,entry exit_ipr exit_nr
2250,0.99,1.12.0,251353957383,45.12.144.71,251147168110.7952,1,251147168110.7952,entry exit_ipr exit_nr
2252,0.99,1.12.0,252568805219,193.43.147.160,252195279865.79837,1,252195279865.79837,entry exit_ipr exit_nr
2253,0.98,1.12.0,252377754951,185.156.110.194,252044006372.11072,1,252044006372.11072,entry exit_ipr exit_nr
2254,1.0,1.12.0,252053372248,129.232.173.98,251499644923.082,1,251499644923.082,entry exit_ipr exit_nr
2255,0.0,1.5.0,3110000000,65.109.121.235,0.0,0,0,mixnode
2256,0.98,1.12.0,252295278278,156.67.111.44,251394233478.06723,1,251394233478.06723,entry exit_ipr exit_nr
2257,0.98,1.12.0,275195404074,151.115.97.178,263889271171.0439,2,131944635585.52196,entry exit_ipr exit_nr
2258,0.98,1.12.0,255689321947,185.47.253.36,253535283742.50305,2,126767641871.25153,entry exit_ipr exit_nr
2259,0.99,1.12.0,253054614309,194.76.154.5,251555531939.9865,1,251555531939.9865,entry exit_ipr exit_nr
2260,0.99,1.12.0,252574791459,213.159.66.6,251950371440.22656,1,251950371440.22656,entry exit_ipr exit_nr
2261,0.98,1.12.0,252375841513,45.133.216.159,252189687910.60056,1,252189687910.60056,entry exit_ipr exit_nr
2262,0.99,1.12.0,252654733227,45.83.143.183,252038097629.71884,1,252038097629.71884,entry exit_ipr exit_nr
2263,1.0,1.12.0,252298555374,2.56.127.29,251647028226.99774,1,251647028226.99774,entry exit_ipr exit_nr
2264,0.99,1.12.0,252650610383,2.56.127.238,252044844963.76514,1,252044844963.76514,entry exit_ipr exit_nr
2265,0.99,1.12.0,253054841831,5.180.27.2,251502685253.1027,1,251502685253.1027,entry exit_ipr exit_nr
2266,0.99,1.12.0,261482814734,45.120.177.166,259232388405.7625,3,86410796135.25417,entry exit_ipr exit_nr
2267,1.0,1.12.0,255182412936,45.120.177.114,252941372579.08905,2,126470686289.54453,entry exit_ipr exit_nr
2268,0.99,1.12.0,252015597608,45.120.177.187,251007086448.0712,1,251007086448.0712,entry exit_ipr exit_nr
2269,0.98,1.12.0,252119568526,185.234.65.50,251061629039.37225,1,251061629039.37225,entry exit_ipr exit_nr
2270,0.99,1.12.0,100014403,185.236.232.140,0.0,0,0,entry exit_ipr exit_nr
2271,0.99,1.12.0,100016164,185.236.232.144,0.0,0,0,entry exit_ipr exit_nr
2272,0.99,1.12.0,100024177,185.236.232.145,0.0,0,0,entry exit_ipr exit_nr
2273,0.98,1.12.0,100012753,185.236.232.146,0.0,0,0,entry exit_ipr exit_nr
2283,0.98,1.12.0,252356729691,45.159.248.230,252060794977.07007,1,252060794977.07007,entry exit_ipr exit_nr
2284,0.99,1.12.0,252379120397,94.131.8.51,252071043746.17334,1,252071043746.17334,entry exit_ipr exit_nr
2285,0.99,1.12.0,252616339381,95.217.34.9,252360199111.48978,1,252360199111.48978,entry exit_ipr exit_nr
2291,0.97,1.12.0,252316297659,5.180.46.26,251165309064.5259,1,251165309064.5259,entry exit_ipr exit_nr
2292,1.0,1.12.0,252774236721,129.232.192.170,251407424465.68994,1,251407424465.68994,entry exit_ipr exit_nr
2295,0.99,1.12.0,150025421,206.189.135.239,0.0,0,0,entry exit_ipr exit_nr
2296,0.99,1.12.0,150016276,142.93.221.105,0.0,0,0,entry exit_ipr exit_nr
2297,0.99,1.12.0,254100161316,172.245.232.60,251906098457.7956,1,251906098457.7956,entry exit_ipr exit_nr
2298,1.0,1.12.0,103555758972,51.195.150.227,103452361006.97142,2,51726180503.48571,entry exit_ipr exit_nr
2299,0.98,1.12.0,254092513324,172.245.232.205,251910257308.13205,1,251910257308.13205,entry exit_ipr exit_nr
2300,0.99,1.12.0,252927882195,172.245.232.62,251484627110.58932,1,251484627110.58932,entry exit_ipr exit_nr
2301,0.99,1.12.0,252103705133,172.245.232.254,251050260280.97867,1,251050260280.97867,entry exit_ipr exit_nr
2304,0.99,1.12.0,259036718291,45.86.66.17,253179231827.61514,2,126589615913.80757,entry exit_ipr exit_nr
2306,0.79,1.11.0,327615529331,5.34.180.89,326566581067.66254,1,326566581067.66254,mixnode
2307,0.99,1.12.0,253391280650,194.55.136.3,252332446099.7356,2,126166223049.8678,entry exit_ipr exit_nr
2308,0.72,1.11.0,254652255222,94.232.246.42,252643496726.8467,2,126321748363.42336,entry exit_ipr exit_nr
2309,0.6,1.11.0,254788024102,94.232.246.49,252728736206.26373,2,126364368103.13187,entry exit_ipr exit_nr
2310,0.66,1.11.0,254723457618,94.232.246.51,252700912143.6348,2,126350456071.8174,entry exit_ipr exit_nr
2311,0.67,1.11.0,254766159976,94.232.246.52,252717309933.49026,2,126358654966.74513,entry exit_ipr exit_nr
2312,0.71,1.11.0,253608048078,94.232.246.53,251643078729.10562,1,251643078729.10562,entry exit_ipr exit_nr
2313,0.59,1.11.0,253689460138,94.232.246.54,251674948016.16315,1,251674948016.16315,entry exit_ipr exit_nr
2314,0.64,1.11.0,253730152705,94.232.246.55,251691531580.25842,1,251691531580.25842,entry exit_ipr exit_nr
2315,0.68,1.11.0,253538015954,94.232.246.144,251607082715.04877,1,251607082715.04877,entry exit_ipr exit_nr
2316,0.58,1.11.0,253706791919,94.232.246.50,251712491138.5108,1,251712491138.5108,entry exit_ipr exit_nr
2320,0.99,1.12.0,15006246774,143.244.60.86,0.0,0,0,entry exit_ipr exit_nr
2322,0.99,1.12.0,100012784,45.83.131.35,0.0,0,0,entry exit_ipr exit_nr
2323,0.99,1.12.0,272488385499,103.208.85.24,271881926760.08322,2,135940963380.04161,entry exit_ipr exit_nr
2326,0.97,1.12.0,252115397492,88.218.92.10,251059581209.39307,1,251059581209.39307,entry exit_ipr exit_nr
2328,0.99,1.12.0,323901300953,5.253.31.35,322090945248.75793,3,107363648416.25264,entry exit_ipr exit_nr
2331,0.98,1.12.0,252047451130,45.140.146.191,251023681712.2953,1,251023681712.2953,entry exit_ipr exit_nr
2333,0.79,1.11.0,100003199,5.252.23.198,0.0,0,0,entry exit_ipr exit_nr
2335,0.99,1.12.0,14074324159,163.172.32.71,13814258164.375402,2,6907129082.187701,mixnode
2336,0.99,1.12.0,355058082884,94.131.117.19,354666384336.8597,19,18666651807.20314,entry exit_ipr exit_nr mixnode
2338,0.99,1.12.0,800025008,89.58.51.134,0.0,0,0,mixnode
2339,0.99,1.12.0,256198744829,65.109.190.48,251912400689.6229,2,125956200344.81145,entry exit_ipr exit_nr
2340,0.99,1.12.0,181692825887,37.187.249.200,180903001667.59027,11,16445727424.326387,entry exit_ipr exit_nr
2341,0.43,1.11.0,100000000,89.221.225.200,0.0,0,0,entry exit_ipr exit_nr
2342,0.77,1.12.0,100000000,185.236.232.41,0.0,0,0,entry exit_ipr exit_nr
2343,0.98,1.12.0,100000000,185.236.232.42,0.0,0,0,entry exit_ipr exit_nr
2344,0.98,1.12.0,100000000,185.236.232.43,0.0,0,0,entry exit_ipr exit_nr
2345,0.99,1.12.0,100001651,185.236.232.44,0.0,0,0,entry exit_ipr exit_nr
2346,0.98,1.12.0,100000000,185.236.232.45,0.0,0,0,entry exit_ipr exit_nr
2347,0.99,1.12.0,100000000,185.236.232.56,0.0,0,0,entry exit_ipr exit_nr
2348,0.99,1.12.0,100001613,185.236.232.57,0.0,0,0,entry exit_ipr exit_nr
2349,0.98,1.12.0,100003214,185.236.232.58,0.0,0,0,entry exit_ipr exit_nr
2355,0.04,1.7.0,490000000,212.83.170.182,100000000.0,1,100000000.0,mixnode
2357,0.99,1.12.0,305338538498,213.183.48.28,302818275980.20575,1,302818275980.20575,entry exit_ipr exit_nr
2358,0.98,1.12.0,958819066174,95.164.4.77,953961535909.3657,1,953961535909.3657,mixnode
2361,0.82,1.13.0,100000000,194.182.189.84,0.0,0,0,mixnode
2362,0.04,1.8.0,100000000,67.145.128.190,0.0,0,0,mixnode
2366,0.99,1.12.0,386700387964,152.53.100.92,385536050685.2405,6,64256008447.54008,mixnode
2370,0.99,1.12.0,120000000,145.79.11.76,20000000.0,1,20000000.0,mixnode
2372,0.49,1.10.0,101000000,78.46.79.242,0.0,0,0,mixnode
2374,0.99,1.12.0,102000000,168.119.37.164,0.0,0,0,entry
2375,0.99,1.12.0,102000000,195.201.197.246,0.0,0,0,entry exit_ipr exit_nr
2377,0.79,1.11.0,325000000,87.54.92.12,100000000.0,1,100000000.0,mixnode
2378,0.0,1.12.0,100000000,46.245.95.179,0.0,0,0,entry exit_ipr exit_nr
2383,0.78,1.11.0,100000000,45.89.107.64,0.0,0,0,mixnode
2386,0.38,1.11.0,250100000000,91.228.10.66,250000000000.0,1,250000000000.0,entry exit_ipr exit_nr
2387,0.53,1.11.0,250100000000,45.159.248.138,250000000000.0,1,250000000000.0,entry exit_ipr exit_nr
2388,0.79,1.11.0,100000000,137.184.95.6,0.0,0,0,mixnode
2389,0.99,1.12.0,1270000000,143.202.162.216,1050000000.0,1,1050000000.0,mixnode
2391,0.79,1.11.0,155856257746,95.217.67.133,155691613053.2117,1,155691613053.2117,mixnode
2393,0.99,1.12.0,23500952294,152.53.3.21,23399915665.598934,2,11699957832.799467,entry
2395,0.77,1.11.0,24471278865,199.170.132.112,0.0,0,0,mixnode
2399,0.99,1.12.0,100000000,45.83.141.138,0.0,0,0,entry exit_ipr exit_nr
2404,0.98,1.12.0,1024000000,94.72.106.117,0.0,0,0,mixnode
2406,0.99,1.12.0,100000000,91.219.237.240,0.0,0,0,entry exit_ipr exit_nr
2408,0.88,1.12.0,100000000,216.238.73.122,0.0,0,0,entry exit_ipr exit_nr
2409,0.86,1.12.0,695000000,103.97.91.245,0.0,0,0,entry exit_ipr exit_nr
2410,1.0,1.12.0,100000000,45.194.27.37,0.0,0,0,entry exit_ipr exit_nr
2412,0.96,1.12.0,700000000,102.209.139.154,0.0,0,0,entry exit_ipr exit_nr
2413,0.66,1.12.0,350000000,94.72.106.117,0.0,0,0,entry
2414,0.97,1.12.0,200000000,176.97.192.38,0.0,0,0,entry exit_ipr exit_nr
